,clean_teks
0,produk bangsa
1,sakti alhamdulillah v
2,selamat pagi bantu kamar sinyal hilang panggil darurat
3,dear jaring data lot banget h
4,selamat malam dusta
5,tembak paket ganggu ya
6,pakai paket nya off ganti paket gratis youtube senang banget
7,rt kamus perhapean
8,keluh tanggap bikin emosi pulsa curi soak deh pulsa kurang
9,iklan pesan sembunyi
10,mampus puasa subuh sahur cek pulsa sedot sisa ribu tolong baca
11,coba pakai parah koneksi
12,tuju sila boikot langgan dukung
13,bela bela daftarin kartu tunggu jam siang puasa rumah sinyal gnya kota
14,data hilang
15,sesuai iklan
16,kangen nih kirim pos marchandes nya langsung pos nya
17,mbps kecepatanya kbps kuota full buka google bikin uras uang baterai
18,kuota koneksi internetnya lambat banget
19,ampun sinyal lot siput acara live streaming ganggu mundur
20,jaring nabire bagus berita hoax
21,jelek jaring takalar
22,stabil
23,cocok komunikasi keluarga rekan bisnis kerja sekolah kampus hubung jarak
24,kualitas provider ganggu trouble mahal hari
25,sinyal tahi
26,jaring internet sumba timur parah
27,ajaib kuota hilang usage bukti guna lebih batas
28,tahun pakai aktif bayar layan muas
29,cepat banget data habis
30,tolol nama provider urus chat app
31,tinggal
32,hore sinyal sambu
33,alhamdulillah kunjung vendor mitra
34,lambat jaring lot
35,tega pesan suka telat bikin
36,jaring cepat
37,paket extra combo lot ya
38,buka facebook
39,rugi isi kuota jaring busuk banget rugi
40,solidaritas asa solidaritas omong
41,bagi kuota berkah
42,berkah video ngabuburit anak video sahur keluarga video pakai baju koko
43,koneksi daerah kota minggu lot parah ganggu kah care
44,pakai greget jaring and speed irit anak miskin
45,kartu mahal bagus
46,bagi berkah
47,isi kuota menit langsung habis kacau
48,sinyal jelek banget sih
49,gera masif pki antek nya iklan mari hancur pki
50,alhamdulillah tari tabuhan gendang orang selamat isya tarawih
51,ganti pulsa komplain php
52,sinyal
53,musuh ulama
54,rt pakai
55,benci laku bikin dukung coba lihat iklan gambar palu arit
56,rt hati nya noh pakai tuh
57,sih kuota gabung sayang pakai mubazir mubazir teman setan lho
58,rejeki jet moga samsung medan indonesia
59,asik kencang
60,beli paket jaring internetnya edge
61,lot
62,telpon pulsa menit bangsat
63,sinyal bekas internetan subuh
64,tarif internet super kuota negara internet murah mahal
65,jaring sinyal wilayah sindangkasih ciamis
66,terimakasih menang pointastic deal
67,nomor buang
68,zalim ya
69,mantap
70,sinyal jelek komplain direspon
71,alhamdulillah kartu telepon kartu internetan pakai
72,bentuk tekan masyarakat usaha publik kelas hati hati depan
73,alhamdulillah pakai
74,mimpi pakai mimpi setia mahal ikut
75,aksi pakai bagus maaf iklan nyata
76,baik serta nya
77,rt teman hari
78,jelek banget sinyal
79,sydney program gratis mahasiswa ajar libur hacker intropeksi
80,internet mahal turun harga paket
81,pakai pakai rasa lot mahal bareng kualitas
82,webnya bajak ya cie bajak moga habis paket spam promo nya subur
83,cs fast response keluh konsumen beda operator belah
84,prinsip murah sinyal alhamdulillah kencang kota
85,baik
86,paket
87,mantap sumedang
88,kesini mahal jaring lelet pesan masuk penuh isi pesan promo nyedot pulsa
89,tolong kensinya benerin wilayah keramat jati lot
90,sinyal kuat internetku jakarta lot parah provider
91,aman tingkat bikin rugi langgan
92,harga jual rupiah kilobyte internet juara mahal sih tsel vs
93,jaring sembung bangunjiwo kasihan bantul minggu stabil kuota buang
94,customer sembung bangunjiwo jogja stabil
95,sinyal ping game gede sinyal tahi
97,malas banget gb gb harga mahal jaring free youtubenya pakai jam hadeh
98,gratis senang
99,pindah provider kali ya internetan lot dengar teman sih bagus
100,tolong laku reset nomor jaring lemah makan open page situs
101,kini bikin keki
102,cepat internet ciwidey gin mantap
103,jaring cimahi ya lambat kota bandung lancar jaya
104,parah
105,koneksi gprs
106,nih akses data camat cisewu kabupaten garut
107,glte tanggap
108,rekomendasi coba paket minggu tes pakai twitter menit pulsa kurang langsung unreg
109,tonton gratis dibayarin poin poin
110,pakai alhamdulillah manfaat sinyal
111,terimakasih
112,mantap sih sms tarif
113,alhamdulillah beres pakai tunggu konfirmasi
114,terimakasih menang
115,asik kencang
116,terimakasih ya gratis gnya ayo buru upgrade
117,upload video gb menit mantap cepat
118,bonus kuota gb menit telpon operator
119,kuota aman kota mamuju
120,hemat
121,pakai paket irit
122,buang sayang setia lagipula nomernya bagus
123,rasa segitu besar ping ribu lumayan bukber
124,tulis serta hashtag lot hidup mana sih ungar pakai lancar tuh
125,pakai ribu giga dihack mahal
126,mending pindah
127,pakai jangkau pakai mahal
128,telpon mumpung gratis nih
129,tumben murah hati pada langgan begini
130,canggih nih tambah tambah kuota
131,penuh bonus
132,sinyal hebat puncak halimun on mantap
133,telpon kouta gb
134,betah v v
135,lumayan murah riah
136,wow hadiah fantastis simpel
137,modal isi pulsa ribu gb gratis v tumben moga promonya murah murah
138,ajaib min kartu isi pulsa terimakasih ya
139,mantap deh isi pulsa ribu bonus paket data gb terimakasih layan
140,terimakasih paket data aktif normal terimakasih puas layan
141,usaha lupa konsumen hapus pesan baca salah terimakasih
142,terima kasih
143,hore sinyal terimakasih
144,alhamdulillah tunggu subuh lantun adhan styles mek madinah paket internet bagus
145,lihat youtube tahun kuota keren
146,jaring super cepat smartphone koneksi pantau aktivitas sosial media
147,medsos bijak fasilitas oke fb gratis mbak free youtube yonder genflix
148,pagi segar mata lari nikmat internet telpon super murah suara jernih pakai
149,buka puasa streaming youtube lancar banget pakai setia
150,jaring luas teman telpon operator gratis suara jernih banget
151,koneksi internet lancar bantu selesai pekerjaaan jumat weekend
152,ayo penuh viralkan keras nomor nomor cantik langsung buang main umat islam brsatu
153,ayo buang kartu
154,pakai insya allah paket kuota habis ganti operator
155,ceo tanggung alat hitung perdana hp henti jual perdana
156,biar ajar pakai produk
157,boikot ya nyedot pulsa tau pakai sms bayar bonus maksa
158,lumayan jaring lte area tarogong muas
159,uji cepat ku jelek
160,tolong urus bayar data data
161,tonton gratis dibayarin poin poin
162,terimakasih ya gratis gnya ayo buru upgrade mu
163,makan malam gratis hasil tukar poin
164,mohon up jaring wilayah morowali buruk
165,jaring waru arae site wkp telepon mohon cek team
166,kualitas layan buruk lapor tindak baik
167,tolong jaring muara kam baik bbm ngakses sambung melulu minggu
168,uji cepat nyata jelek
169,tolong urus bayar data data
170,lumayan jaring lte area tarogong muas
171,terimakasih ya gratis gnya ayo buru upgrade
172,makan malam gratis hasil tukar poin
173,ayo viralkan keras nomor nomor cantik buang main umat islam brsatu
174,ayo buang kartu
175,pakai insya allah paket kuota habis ganti operator
176,boikot ya sedot pulsa tau pakai sms bayar bonus maksa
177,buka puasa streaming youtube lancar banget pakai setia
178,koneksi internet lancar bantu selesai pekerjaaan jumat weekend
179,sinyal php
180,koneksi internet jengkel
181,telpon murah pakai js rp detik
182,terima kasih pt kirim gratis home nya
183,kualitas sinyal lengkap riah festival
184,pindah bukti
185,sinyal h palsu h edge
186,langgan area rugi jaring telpon rusak baik
187,hati hati tukang tipu
188,sedih pakai stabil
189,jarigan lelet ganggu rusak ya
190,daerah jagakarsa pakai sinyal jelek h sinyal
191,cacat
193,bagiberkah susah sentuh mudah faedah
194,tumbang kota semarang
195,kuota internetan care
196,lot
197,berbagiberkah bagi senang orang sayang
198,santai pakai bagiberkah andal
199,setia memggunakan
200,selang maju layan jaring
201,yuk pakai rp gratis gb
202,lebaran pakai ya gratis gb
203,sinyal dipalembang lancar
204,keren rembang sinyal
205,sinyal kuat banget
206,banget
207,berkat mudik nyaman mampir posko senang
208,terimakasih
209,untung pakai
210,alhamdulillah baik
211,murah bonus
212,rt kuota habis ganti provider
213,jancok sinyal payah
214,pakai
215,rt minta maaf nyata apa boikot
216,kuota malam habis duluan logika mana
217,rt jaring nya penuh konek internet
218,sinyal nya stabil nih mantap
219,fungsi data lokal flash pakai duluan data lokal mahal
220,hore makan malam gratis poin
221,wajar dihack harga mahal banget koneksi lambat mahal
222,ganti paket gb langsung lancar
224,alhamdulillah gratis youtube ramadhan faedah
225,sinyal hilang mulu
226,data manfaat
227,goblok banget sih
228,settingan kuota pakai uras pulsa ya
229,mahal sinyal jelek bangsat anjing
230,jelek jaring internet
231,area pandeglang kota jaring buruk jelek jadi bulan care payah dihack
232,kacau isi kuota data langsung habis
233,ayo
234,mending ngopi nyantai dengar musik klasik youtube gratis jaring keren
235,fitur kartu perdana youtube jabo
236,minggu masuk kerja dikerjain ujung nya cari lapak rebah dengar musik youtube top deh
237,enak belanja online sinyal kuat kencang pakai
238,mantap paket bikin muka pengin nya
239,bonus thr bonus nih bikin hati senang
240,pagi sahur purwakarta sinyal nya bagus banget
241,astaga sore asyik main hp sinyal lancar hebat
242,kadang cari referensi youtube gudang informasi keren youtube an kuota streaming lancar
243,ajar edit video youtube enak cepat paham jaring lancar kencang
244,tethering pakai kartu sinyal kencang badai browsing cari bahan artikel jamin lancar
245,pakai produk boikot
246,ayo pakai kartu buang got ya
247,hijrah selamat tinggal
248,alhamdulillah kuota murah
249,tarif mahal tambah jaring susah kesal banget
250,pulsa tm telpon simpati pulsa kampret
251,sinyal rumah lancar
252,harap bagus kerja online internetnya simpat nama
253,jaring internet sumba timur parah
254,kualitas jaring turun wilayah sukabumi
255,keluh sinyal layan jaring internet
256,malam jaring super lelet kualitas
257,sinyal sedih
258,bangsat biar
259,bangsat gemas duh
260,sinyal mentari prihatin pikir ganti kartu kecewa
261,ganggu daerah kramat jati sumpah lelet banget
262,super lelet cepat kb si ganggu sih
263,tahi
264,ya allah hujan sinyal kayak lagu kotak pelan pelan
265,bikin kelar
266,hooq manfaat beli kuota tonton youtube hooq
267,daerah trouble mulu
268,sisa kuota bilang habis
269,jaring simpati anjir banget
270,tahi
271,untung pakai rumah alhamdulillah urus beres
272,jaring flash daerah aceh singkil stabil
273,tarif mahal sinyal parah
274,minggu digangguin bunyi sms promo
275,oh jariangan
276,jam malam hancur koneksi
277,sedih beli paket internet
278,hobi ecek kali promo kuota internet guna setia alhamdulillah rejeki anak
279,dihack mahal
280,jaring lelet
281,ganggu ya
282,hancur jaring
283,isi pulsa pakai hilang mohon jelas
284,bikin sebal
285,lte masalah
286,parah buang kuota payah
287,koneksi lancar pakai
288,pakai sinyal lancar yess
289,data data kerja cepat cari internetnya pakai
290,juara tonton youtube kuota full xd
291,nikmat dapat guna tonton youtube gratis tahun
292,upload file mudah jaring internetnya cepat alhamdulillah
293,untung pakai kerja lancar
294,siang coba bonus telepon pakai kartu aman lancar jaya suara cuaca hujan
295,pantesan lancar ya sinyal lancar lombok timur
296,alhamdulillah lancar pakai
297,untung pakai internet lancar ide
298,ramai lokasi wisata jaya
299,sinyal amsyong stadion gajayana
